TopicID,TopicName,Company
TA00001,智能交通系统优化方案,百度
TA00002,大数据在医疗领域的应用研究,腾讯
TA00003,人工智能在金融风险预测中的应用,阿里巴巴
TA00004,云计算技术在企业管理中的创新,华为
TA00005,物联网技术在智能家居中的应用探索,小米
TA00006,虚拟现实技术在教育领域的应用研究,字节跳动
TA00007,区块链技术在供应链管理中的应用,京东
TA00008,新能源汽车电池技术优化,特斯拉
TA00009,环保材料在建筑行业的应用,碧桂园
TA00010,智能机器人在工业生产中的应用,富士康
TA00011,基因编辑技术在农业中的应用,孟山都
TA00012,量子计算技术的理论与实践,IBM
TA00013,太阳能技术在能源领域的创新,隆基绿能
TA00014,5G技术在智能物流中的应用,顺丰
TA00015,智能安防系统的设计与实现,海康威视
TA00016,智能电网技术的发展与应用,国家电网
TA00017,智能仓储系统的优化研究,菜鸟网络
TA00018,智能客服系统的设计与开发,科大讯飞
TA00019,智能零售系统的创新应用,沃尔玛
TA00020,智能医疗设备的研发与应用,迈瑞医疗
